distance,duration,lat,lon
13332,2282,18.502700115499998,73.9276527241
33656,3792,18.5951903,73.7874868
19166,2624,18.5079839664,73.78355104479999
15772,2450,18.500368924900002,73.81391599770001
12483,2177,18.4646543763,73.8344670832
10542,1769,18.5141451267,73.8798983395
14144,2371,18.519031548900003,73.93101084979999
17614,2355,18.5065621531,73.7839258835
18120,2410,18.5078040148,73.7795676291
34409,3712,18.594289273599998,73.7234407291
26637,3190,18.5643678336,73.77844277770001
37051,4649,18.5240761486,73.61856266859999
21046,3468,18.5555322329,73.9651225135
29831,3189,18.5826271756,73.761296086
58219,5288,18.7583482782,73.5770447552
26342,4079,18.5954016,73.8024459
11992,2027,18.52919,73.902142
13070,2145,18.5386651655,73.8856962696
20697,3225,18.5550353,73.8093851
14645,2459,18.515132,73.933117
15444,2424,18.4936743653,73.8144085184
12275,2098,18.4701476942,73.8299442083
10192,1706,18.5172760136,73.879497014
16813,2657,18.5050182388,73.8220390677
15533,2495,18.4955147196,73.8122060895
19916,3100,18.5494110252,73.80432207140001
18131,2423,18.504562946700002,73.788542971
49228,4751,18.7006368217,73.6933094636
27051,3216,18.561299,73.78651
19428,3121,18.569445737,73.95012762399999
20525,3248,18.5643433606,73.81298460069999
34408,3712,18.5942883203,73.72344106439999
14064,2348,18.5191030797,73.9310567826
6414,1204,18.465734990799998,73.8645131886
14475,2500,18.5284797195,73.8428302109
23851,3661,18.6060646464,73.91030050810001
34179,3865,18.5957329,73.7887966
18142,2876,18.5625987795,73.9167381451
28982,3985,18.6418976676,73.7927097827
20772,3308,18.564724,73.807738
31520,3514,18.5924051765,73.74496310949999
11376,2133,18.5042558146,73.9307811856
30196,3661,18.577587,73.784147
7458,1587,18.451955215599998,73.8488863036
31656,3471,18.5863564771,73.7383269891
19997,3115,18.5605142,73.8100284
31307,3547,18.6027838171,73.7648332492
31734,3461,18.586127986199998,73.7366526201
13029,2176,18.5139785344,73.84121350939999
16383,2569,18.499783260799997,73.8140252978
11658,1989,18.4702901607,73.822895363
17865,2778,18.5701401747,73.8782320172
34736,3982,18.593134476099998,73.7987162545
15234,2476,18.500717,73.937079
26968,4059,18.6325568118,73.8033977151
21444,3419,18.565171,73.8008603
6845,1258,18.485329248699998,73.8991626352
22320,3397,18.5980364326,73.9037089795
12569,2211,18.53496661,73.8763551414
32044,3731,18.5989064785,73.7700454518
20395,3196,18.561563909300002,73.8068658113
35482,3886,18.6308316741,73.7776210159
28228,3401,18.5615143269,73.7910689414
25888,3023,18.5518365856,73.7607398629
6112,1250,18.450063507,73.8578254357
18257,2435,18.5126407036,73.7822297215
14672,2352,18.5380796324,73.90008196229999
26362,3881,18.6326368731,73.8032830507
13010,2102,18.4564506434,73.80102194850001
31822,3466,18.5858534154,73.7350493297
13633,2333,18.5201413863,73.84095098819999
14237,2408,18.5098960195,73.8311324269
14057,2309,18.5184930002,73.8441314176
19640,2622,18.5234695837,73.7804681808
14504,2565,18.4968774848,73.9683559164
6067,1112,18.4863998757,73.8882859424
6447,1168,18.478721548699998,73.9015853405
14092,2339,18.5189018395,73.9342325181
19182,2637,18.5073817956,73.7976088375
18290,2448,18.512654056600002,73.7821378559
6315,1253,18.4615753192,73.9204540104
23131,3129,18.4979655271,73.7359998375
30230,4062,18.6554245094,73.7769370526
22133,3522,18.581566,73.817256
16209,2713,18.5293294571,73.8322197273
30376,3389,18.5961857429,73.76259125770001
5863,1065,18.477048278399998,73.89781784270001
32742,3719,18.5986447,73.7745651
24980,3792,18.6004447,73.8037556
14206,2341,18.5193348395,73.9308931679
33354,3681,18.6148950853,73.7653807551
7370,1451,18.4571741625,73.8531858847
5397,994,18.4629443966,73.9115286246
12384,2143,18.4652379344,73.8350541517
17179,2870,18.5505692974,73.9373183995
33260,3613,18.595564499,73.7331503257
33791,3811,18.5943947748,73.7898743525
28925,3336,18.5644460199,73.7770909444
16634,2603,18.5037541008,73.8081978634
18256,2435,18.5126343451,73.7822417915
15927,2486,18.5005317151,73.81309892979999
21280,3286,18.5582415395,73.79246536640001
4730,926,18.463309482,73.9036456123
32742,3719,18.5986447,73.7745651
9530,1748,18.462861711600002,73.8377916813
6342,1263,18.4617934819,73.9205572754
34126,3890,18.5939721341,73.792825453
28142,3195,18.5779891899,73.7706070393
14611,2528,18.528271496600002,73.8412892818
32996,4380,18.672674505,73.8484913483
36328,3956,18.5733927116,73.6952232197
10106,1731,18.5167511299,73.87497045100001
12036,2018,18.5273092174,73.9060800523
38702,4216,18.6561008074,73.7694630772
26340,4078,18.5954036,73.8024689
13036,2146,18.5010763613,73.9376064017
3947,721,18.4685191794,73.8889222965
26929,3209,18.5624799096,73.7838903442
13095,2142,18.457790185,73.805558905
6477,1174,18.4790096472,73.9017207921
4498,895,18.4706323341,73.8860771433
15678,2505,18.5364336444,73.9103035256
14809,2365,18.459018088900002,73.7867066637
16673,2754,18.5348941322,73.83256874979999
26442,3354,18.5552843121,73.79811812189999
26488,4100,18.591531,73.803543
11805,2010,18.50381632,73.92599095
15937,2561,18.5103166429,73.8161040097
25370,3696,18.59386,73.786057
6446,1276,18.4412687601,73.8601891324
16946,2818,18.5504268977,73.9393766597
16848,2658,18.5065227288,73.8185300678
7993,1413,18.495832042,73.9001158252
23531,3575,18.6020335866,73.8169623166
14015,2331,18.5192359681,73.9315013587
24271,3524,18.5882523991,73.7829254195
24550,3031,18.5428423547,73.7879428267
6163,1262,18.4505249866,73.857796602
14844,2353,18.4869499725,73.8168784976
31260,4310,18.6652177008,73.7763804942
15031,2409,18.502828565399998,73.8289370388
16269,2607,18.508882131700002,73.812414296
15916,2558,18.5102403394,73.8159286603
11716,2001,18.4701473762,73.8234579563
7286,1436,18.4561342022,73.85324086989999
26458,4014,18.633183957,73.8148943335
9843,1719,18.5153268461,73.8738740981
13859,2527,18.498361061500002,73.9620091394
13752,2076,18.4843447875,73.8008278236
13684,2218,18.5056499863,73.833235614
20985,3248,18.5563401982,73.7943455949
13200,2292,18.5100797841,73.9279584959
17169,2751,18.5075725574,73.80837254229999
25524,3820,18.594065,73.802077
32033,3728,18.5987787365,73.7699998543
30196,3661,18.577587,73.784147
19991,2540,18.5195745467,73.7685799599
30374,3362,18.598019908599998,73.7597340345
35366,3872,18.624918099600002,73.77620749180001
31663,3448,18.586605306099997,73.7367833778
25564,3825,18.594995,73.803904
6092,1088,18.4867315238,73.8882128522
16623,2609,18.5037296192,73.8083983585
22997,3567,18.6026262086,73.9290746301
14516,2442,18.5195007324,73.9380111694
28033,3170,18.5742244281,73.7725834921
33617,3770,18.595674766,73.78855973479999
10466,1834,18.4975766688,73.85396506640001
17144,2852,18.5499882552,73.9411831275
25446,3844,18.5981403426,73.8041255996
11778,2001,18.503605,73.925923
24644,3744,18.596382760999997,73.8087725267
14470,2460,18.526405426700002,73.8430327177
26643,3866,18.6303503481,73.82248699670001
15876,2550,18.510138283499998,73.8156168535
32685,3663,18.5989535079,73.77456128600001
25466,3808,18.5945633,73.8021242
16312,2639,18.5326177394,73.83409626779999
20586,3225,18.5605735301,73.804693222
37972,4157,18.6459497021,73.7662336975
24144,3630,18.614707303099998,73.8169133663
13853,2255,18.5100022088,73.8340432942
35822,4089,18.6251859353,73.7855288386
13067,2094,18.4878902205,73.9515522122
31827,3465,18.5859191981,73.7349470705
13902,2542,18.4984430934,73.9620339498
34429,3741,18.5992140759,73.72896306220001
16639,2908,18.5466856854,73.9215349406
31454,3291,18.6114132952,73.749621436
18255,2880,18.563901,73.917701
12284,2121,18.507838,73.926084
14186,2337,18.519519,73.931078
29932,3199,18.5813035479,73.7614942342
27527,3331,18.5618668065,73.7859653682
19605,3212,18.4290911155,73.7557874992
5398,1085,18.460943,73.912319
13842,2336,18.5181391594,73.83578337729999
7202,1260,18.482132273,73.87648824600001
32536,3480,18.594601010399998,73.7386810407
25432,3799,18.5953683,73.8029629
31753,3462,18.5911089539,73.7480919063
15939,2480,18.496705788499998,73.8223787025
23368,2879,18.542710756199998,73.78053624180001
26811,3179,18.5615963286,73.7836526334
36844,3976,18.644455019400002,73.7556151673
6464,1171,18.478894217,73.9017264917
12877,2407,18.5005441151,73.95203936850001
23129,3534,18.5996710222,73.9083894342
28171,3395,18.5616217554,73.791651316
11708,2184,18.5005085048,73.9422855154
26444,2931,18.568939765,73.7652456388
21944,3467,18.5810022742,73.8189481571
17059,2835,18.5503878014,73.9403777942
33481,3633,18.5929555676,73.7369184941
17667,2814,18.5610887441,73.9146946371
24923,3776,18.5980640784,73.8045071438
27005,3205,18.560874,73.78645
17118,2340,18.4979047978,73.7875696644
26381,3989,18.614053082,73.8005401567
20243,2804,18.511205576,73.803165704
31030,3381,18.5912306639,73.7410943583
34579,3991,18.6129966003,73.78453139220001
12234,2107,18.4699413084,73.8305215538
16742,2835,18.5441564269,73.92822470520001
6344,1258,18.461831326400002,73.9204345644
22013,3488,18.5811405169,73.8183168322
26828,3217,18.5642791588,73.7802552804
13623,2175,18.5021503873,73.83561406279999
19227,2644,18.514520594500002,73.7825549394
31399,3428,18.5886432755,73.7385737523
12415,2207,18.535265422000002,73.8761492819
12481,2068,18.512348846600002,73.8458466902
7099,1406,18.4587000623,73.858218044
16479,2663,18.5389290043,73.9125686511
26325,4001,18.5823986797,73.9896399155
25714,3864,18.616530466300002,73.8030507043
4081,743,18.4693965632,73.88924047350001
21521,3385,18.565300663800002,73.800413087
18100,2909,18.573655225499998,73.883754015
18184,2847,18.5739657288,73.88816792520001
17610,2715,18.5649961835,73.9071257785
36254,4032,18.6286404381,73.7851231545
25701,3821,18.5987777832,73.797754012
34815,4014,18.5936511806,73.799223192
32930,3546,18.5912243083,73.73988199979999
16342,2797,18.5338075963,73.8290493563
38052,4159,18.650165240299998,73.7663768604
31701,3449,18.5864406913,73.736022301
8980,1526,18.4862472474,73.8575733081
20853,3232,18.5554549961,73.79518982020001
24640,3675,18.5872192736,73.7802308053
7344,1453,18.4568726701,73.8532583043
23960,3688,18.6033421186,73.81614390760001
28583,3421,18.5645655,73.7980232
23659,2881,18.5438913246,73.775885962
5556,1012,18.4772743711,73.8949686661
30937,3358,18.5911216651,73.7404566631
13376,2260,18.5177096535,73.8442695513
7663,1522,18.456994793699998,73.85085001590001
21214,3318,18.5830819418,73.8250250369
5034,945,18.4782048145,73.8902369142
13291,2275,18.503061301,73.927702345
13204,2293,18.5100667489,73.9279427379
14720,2362,18.5376473157,73.9000162482
24239,2995,18.544253058800003,73.7822159752
36291,3955,18.6334864092,73.7858037651
30987,3374,18.591556388599997,73.7407483533
15618,2436,18.4982720345,73.81397198890001
13888,2318,18.5270456785,73.851454854
14442,2375,18.5393158613,73.875144124
7098,1341,18.4511489839,73.8473473862
18097,2863,18.5623629466,73.9170868322
30923,3437,18.5958765512,73.7636765465
7372,1451,18.4571881558,73.8531852141
29303,4007,18.640026805399998,73.8497838378
36270,3957,18.6328916708,73.7845256925
14704,2399,18.5053902293,73.82483426479999
19415,2610,18.520526696300003,73.7771761045
8863,1483,18.507515328900002,73.8791211694
37786,4091,18.65198,73.7609657
13896,2355,18.5266568863,73.8515071571
15122,2420,18.4588431743,73.7838051841
27366,4027,18.6407806806,73.8062854484
18583,2882,18.5732427034,73.8826935366
32531,3710,18.597202607899998,73.77417739479999
32472,3550,18.583663,73.729539
19072,3023,18.570339,73.915614
11700,1858,18.501572042,73.8580339774
13931,2292,18.5190560283,73.8452669978
22143,3429,18.5965521328,73.90830527989999
7255,1507,18.4519199133,73.8514783233
9058,1707,18.476175703699997,73.93149532380001
14296,2356,18.516950783,73.8339420408
10119,1739,18.461094152,73.8211650029
18127,2836,18.5616153987,73.92004296180001
25078,3793,18.622983824000002,73.8204136491
8526,1440,18.4762685581,73.8624941558
7120,1407,18.454466754200002,73.85323416439999
5350,985,18.4766323432,73.89401346449999
6750,1247,18.4812180682,73.90213385220001
18580,3213,18.5515063351,73.9483442903
12637,2163,18.506372344000003,73.9305394515
24163,3768,18.5748158756,73.98267958310001
30420,4111,18.6579292442,73.776049912
20420,3312,18.572861326199998,73.9573524892
28159,3207,18.572713,73.773087
26830,3261,18.555156,73.783505
24202,3530,18.587697,73.783659
25312,2954,18.556494353199998,73.7677394226
30891,3538,18.598055816400002,73.7637727708
33068,3629,18.5940817665,73.7334919721
14226,2346,18.5198444554,73.9306460693
31482,3423,18.6085497729,73.75171925869999
9001,1678,18.481384,73.932866
32635,3656,18.5985099059,73.7744566798
12157,2094,18.4697097998,73.83120786399999
18996,3202,18.5547697162,73.9530066401
8808,1645,18.4739675,73.9315977
7185,1422,18.4543449469,73.8526340202
13918,2386,18.5258595894,73.8509033248
18324,2816,18.5587173482,73.9066889137
32012,3427,18.6045066973,73.75914093109999
18132,2873,18.5626146712,73.91688600180001
65197,7762,18.407123,73.50633
8731,1487,18.5060960552,73.8761432469
33826,3804,18.5971628867,73.7897868454
17206,2870,18.5505251154,73.9413242787
8198,1666,18.456595983499998,73.8465893269
32926,3683,18.5882727375,73.7845716253
25912,3794,18.6287370221,73.8031315058
13839,2243,18.5080555019,73.8351356238
15687,2912,18.5271493139,73.9541348442
24773,3712,18.5977174,73.8058949
15651,2622,18.5219881322,73.8293514401
30356,4108,18.659783391199998,73.77656959
9459,1753,18.462801287999998,73.8378594071
27527,3331,18.5618445581,73.78595765680001
30499,3397,18.5978854928,73.7616132572
13199,2245,18.523008,73.928871
14437,2321,18.5388504885,73.8987080008
35842,3772,18.642935,73.750472
25561,3940,18.5902220256,74.001237452
23773,3643,18.5807435851,73.9808151126
20411,3320,18.5728568768,73.9537908509
34522,3941,18.5934346,73.7967014
16194,2762,18.5301054389,73.8260405883
13728,2268,18.5206564044,73.8462258875
16164,2647,18.5283913441,73.8428637385
17098,2851,18.5500960088,73.9410765097
13990,2382,18.5243142597,73.8415571675
18102,2865,18.5624049007,73.9170704037
5015,951,18.4777300537,73.8896555454
31999,3425,18.607659,73.760241
14121,2293,18.5406328,73.8949095
18105,2823,18.5658708477,73.9107078686
24895,3765,18.623099474500002,73.8187496737
38482,4296,18.648811641400002,73.7652506679
13386,2273,18.517052517,73.84361106899999
19072,3023,18.570339,73.915614
6933,1432,18.4502492439,73.85056737810001
13677,2320,18.521611727,73.8411042094
36555,3939,18.642935226400002,73.7560661137
26882,3216,18.5618900085,73.7834903598
14820,2376,18.539619433800002,73.8925633952
17199,2716,18.5045549982,73.8141557202
8038,1562,18.4650550758,73.8551210985
16703,2674,18.5404468647,73.8302868605
28917,3335,18.5645273845,73.7770798802
15051,2629,18.5510587953,73.9081527293
30365,4099,18.6581182493,73.776567243
27832,3373,18.5698477802,73.7812232226
10390,1769,18.4625084,73.8255487
36619,4027,18.633430175999997,73.7862788513
10666,1798,18.5213259255,73.8771705329
7707,1360,18.4910622874,73.9001138136
14623,2459,18.5225883441,73.84914111350001
13846,2243,18.5080020887,73.8348224759
9479,1613,18.5126667736,73.8806574047
28452,3266,18.568432,73.775484
14195,2426,18.5238644233,73.84268336
14813,2379,18.5368157388,73.8998854905
11695,2020,18.470292386700002,73.8242324442
24915,3739,18.6226279759,73.819292821
9121,1604,18.4887306204,73.8573362678
16046,2589,18.510983979000002,73.81523396819999
12637,2155,18.521254631199998,73.9238854966
29825,3188,18.582798785599998,73.7612223253
17080,2694,18.5056836879,73.824499324
29412,3380,18.5693399025,73.7819554657
27717,3152,18.56929907,73.77212225
7255,1336,18.4887150398,73.89912273729999
14656,2400,18.489709015,73.8114671409
9222,1690,18.461675495999998,73.8365635648
17205,2895,18.5443795702,73.92258368430001
17982,2890,18.5619481723,73.8365853578
15425,2554,18.4974949544,73.8250783458
13679,2321,18.5216397031,73.84112700819999
30234,3280,18.5910587446,73.7516625971
25758,3833,18.5991731,73.7979881
16824,2695,18.5415746818,73.8292340934
26991,3220,18.5628390617,73.7834393978
13147,2106,18.4884635244,73.95108014350001
23811,2931,18.543754958900003,73.784420751
14686,2498,18.5289772282,73.9193962142
7259,1331,18.472622396400002,73.9232897758
17525,2891,18.5582676025,73.9378129318
29309,4114,18.6491601283,73.7869768962
7562,1495,18.4572587584,73.8517750427
17000,2649,18.5581735,73.9099817
22935,3516,18.5981514645,73.9091518521
25779,3257,18.5519290811,73.79296828060001
36541,3934,18.6428040229,73.7559776008
26447,3925,18.6321628593,73.8015976176
12034,2251,18.4999578156,73.9453781024
5874,1080,18.4823297406,73.8939256221
27197,3255,18.563794148499998,73.7818528712
12641,2069,18.5078049686,73.8442913443
31844,3610,18.5964828588,73.77293016760001
16037,2680,18.5295529377,73.8338313997
12563,2242,18.5365773273,73.8759383932
35814,3936,18.6308335804,73.7685635313
18436,2873,18.5652726948,73.9149688929
13033,2256,18.5056080182,73.9279004931
24455,3024,18.542647182,73.7888484076
18087,2788,18.5649910982,73.9116577059
11205,1990,18.4558759603,73.8198131695
31773,4182,18.6673983005,73.7691938505
27668,3334,18.5641018092,73.7774496898
58581,5298,18.7582333549,73.5803485662
24700,3693,18.5982588,73.8062831
8862,1488,18.508509512899998,73.8780271634
30716,4300,18.660584826199997,73.7955183908
16134,2812,18.5475019569,73.9156890661
19641,3084,18.5533842,73.8082592
30626,4306,18.6572707424,73.79865221680001
6763,1250,18.4812031229,73.9022595808
12139,2041,18.4764320071,73.8228427246
30493,3396,18.5978514916,73.76155558970001
79719,5861,18.7534227002,73.4040020406
25494,3201,18.551618,73.792744
34990,4026,18.604587725,73.7877252325
5293,1040,18.478060128699997,73.8905866072
18268,2802,18.5705747,73.9063014
16711,2615,18.5021058748,73.8215676695
13756,2238,18.5102848498,73.8349176943
18162,2881,18.5627319518,73.9166627079
13414,2208,18.4746744451,73.8159357011
16379,2805,18.5341410599,73.8289866596
16038,2734,18.5312927702,73.8301765546
7771,1510,18.4633600469,73.85847184810001
31834,3607,18.596398014000002,73.7728731707
28166,3394,18.561634151,73.79170496020001
17249,2706,18.5583556447,73.9113717154
14309,2524,18.5483083708,73.9060468599
36236,3896,18.5934830771,73.7074504048
15157,2461,18.5341881072,73.89915224159999
19152,2622,18.5080631323,73.7834497914
14023,2333,18.519102126,73.9314356446
18560,2898,18.565001268699998,73.9161242545
38406,4274,18.6493154699,73.7657431886
12672,2237,18.5350174717,73.8753721118
15160,2435,18.5091873479,73.82159784439999
10558,1768,18.519506513099998,73.87536808850001
13952,2105,18.486303847000002,73.7963820621
7637,1471,18.4638838222,73.8578948379
29793,3284,18.5935450434,73.75732507560001
15390,2543,18.4993104675,73.8273786753
25688,3820,18.5975581914,73.79775837060001
14750,2553,18.5493763787,73.9010908082
16130,2601,18.510961406,73.8177314401
14110,2360,18.5259040957,73.850280717
7413,1478,18.4545418104,73.8510484993
12525,2082,18.4580649614,73.8047166914
31407,3558,18.601193744,73.76088067890001
35045,3617,18.6416616269,73.7376889586
17591,2911,18.5486116094,73.9455920085
36456,3956,18.5934859371,73.70740346609999
12345,2284,18.510366876,73.941382952
15995,2682,18.5564571653,73.8938270509
4897,929,18.471504301,73.8935367018
32051,3432,18.598138118199998,73.74193254859999
13824,2308,18.5267150622,73.8519493863
32268,3415,18.5959010197,73.74047812069999
17180,2880,18.5496459224,73.9418389276
34960,4020,18.604427576099997,73.7879760191
14099,2509,18.5462556156,73.90663124619999
15866,2645,18.5298616138,73.83543033149999
33536,3639,18.5926047412,73.7372889742
7040,1231,18.4809439648,73.87540765109999
10263,1718,18.516636361099998,73.8795154542
36622,3975,18.6427112591,73.7563514337
7124,1306,18.4715707636,73.9228009433
32545,3529,18.2609768426,73.9079552516
13901,2289,18.519455329,73.84519357229999
18491,2882,18.5665694317,73.91439490020001
5391,1060,18.460883939000002,73.9129351079
16489,2585,18.4987893441,73.8138942048
13924,2292,18.5192931927,73.8450594619
34322,3728,18.615347859,73.7657730281
26415,3118,18.5594753976,73.7811789662
27431,3077,18.5655574693,73.7728909403
32795,3571,18.601467,73.7635354
11583,1975,18.470246911900002,73.8221886009
14023,2442,18.5459345723,73.9053689316
16114,2700,18.5449882859,73.9366444945
22014,3460,18.5785682299,73.8157871738
13154,2201,18.5169873437,73.8419008255
30028,3293,18.595129468,73.7607422099
26664,3151,18.5636543025,73.7746280059
10776,1872,18.4617422805,73.8218234852
30037,3295,18.5951405901,73.760823682
24288,3749,18.5776135437,73.9788876101
12275,2145,18.4699279521,73.8304199651
28024,3086,18.58111986,73.7603898346
31658,3499,18.5920187577,73.7648996338
12481,2223,18.5358627263,73.8761308417
27843,3132,18.5684439619,73.7669337541
7790,1557,18.457757746,73.8503028452
8969,1639,18.4792923394,73.93180076029999
15877,2550,18.5101475035,73.8156242296
14504,2571,18.5465251643,73.9088963717
16234,2547,18.5009501358,73.81420835850001
25989,3940,18.593576,73.79945
13353,2286,18.5170452049,73.843665719
28983,3328,18.572912494300002,73.780654259
18552,2473,18.515084,73.781929
18452,2931,18.5680272955,73.9098968357
14920,2470,18.5095265823,73.8300984353
774,210,18.4409764635,73.8945448771
14656,2400,18.4897099689,73.8114520535
18822,2548,18.508118771,73.7946061045
20150,2787,18.5076231093,73.8070800528
33207,3611,18.5945088558,73.73469427229999
31680,4272,18.6618341425,73.76674164090001
28298,3410,18.5617625566,73.7904533744
27150,3236,18.5614447208,73.787089549
13177,2255,18.5040847616,73.92776906489999
19062,3152,18.5567410009,73.9511287585
14293,2250,18.4885633675,73.8137141615
26335,3094,18.563860257400002,73.7721586972
18299,2854,18.5653366301,73.9134205456
27456,3291,18.5640604912,73.7794563174
13384,2203,18.5411509566,73.88761404899999
27153,3260,18.5612482981,73.7858319283
31978,3421,18.6045680241,73.7588197365
29474,4141,18.6480692383,73.7882610038
30752,4424,18.6640846674,73.8070706651
14964,2459,18.5341951007,73.8984159753
25636,3959,18.5904908693,74.002423659
29047,3477,18.5657751815,73.8022359833
12471,2221,18.5357584605,73.8760587573
31734,3443,18.6071113209,73.7571339682
13641,2209,18.540327025699998,73.89125447720001
16186,2758,18.5300498074,73.82600605489999
26236,4002,18.6291767328,73.8153995946
12705,2234,18.4643872428,73.83229315279999
14166,2334,18.5194766292,73.9312663302
29474,4141,18.6480438243,73.7882133946
14803,2377,18.536905699400002,73.8999602571
11797,1995,18.505227,73.917034
34094,3679,18.6165813036,73.767022267
33614,3769,18.5958784579,73.7883139774
39466,5026,18.538596821600002,73.6028067023
30469,3754,18.5833749492,73.7827064842
20749,3292,18.5616700664,73.8068302721
18928,3094,18.5589706674,73.94616298380001
32953,3550,18.5911264319,73.7400912121
15282,2560,18.5518203751,73.89752078800001
14664,2418,18.5146722439,73.8284073025
24433,3015,18.5439323296,73.7904305756
33152,3635,18.593948618699997,73.7299873307
18394,2890,18.5652183461,73.9180061594
29567,4010,18.653650683800002,73.781462945
77676,5588,18.7610927612,73.4213864431
7659,1304,18.480826946,73.86535439640001
7439,1465,18.457319502,73.8528918475
16112,2595,18.5107461673,73.8176221401
32001,3425,18.607558713499998,73.7602751702
14626,2530,18.5282629134,73.8411454484
32895,3579,18.600249988599998,73.73701673
14091,2338,18.5188923021,73.93421843649999
27229,3259,18.56154,73.785053
13342,2144,18.4895261825,73.9502520114
6644,1224,18.4813357226,73.9011323825
7636,1515,18.4571197794,73.8510897383
19849,2680,18.5035773243,73.7681772932
11992,2211,18.5043321208,73.9416005462
26842,3265,18.555219,73.783385
25225,3791,18.5955584613,73.8030262291
18316,2930,18.5622342237,73.83342370390001
18475,2513,18.5122897121,73.7821046636
14967,2319,18.4934746851,73.8139897585
11325,1781,18.5049047338,73.8542684913
27250,3287,18.564863,73.782806
11634,1997,18.5057647625,73.9228210598
16008,2774,18.548614788,73.9158731326
35307,3898,18.6126254797,73.7141747028
30840,3527,18.5985086348,73.7637174502
25524,3820,18.5940639711,73.8020468876
13697,2222,18.5408391221,73.8911042735
31758,3568,18.5947500464,73.76462806020001
18397,3038,18.557042506800002,73.933767409
31820,3601,18.596290925199998,73.7727092206
79458,5794,18.7541135279,73.4061303735
18775,2560,18.5082980863,73.7909857929
26003,3929,18.6166823427,73.8007426634
13773,2241,18.5066136591,73.8324255869
17961,2847,18.564425678800003,73.9139573649
32891,3739,18.6002483998,73.7754759192
14729,2326,18.485769647,73.81173033270001
16108,2594,18.5108183375,73.8175949827
18024,3019,18.559442977899998,73.9298353717
14682,2409,18.4899449481,73.8114533946
30862,3427,18.5948711182,73.7639129162
17257,2858,18.5559206416,73.9373244345
19338,3045,18.56671,73.918759
14119,2267,18.538000106800002,73.894569397
13740,2333,18.5221979523,73.8413033634
7201,1400,18.4509149057,73.84857818479999
24898,3766,18.6231191732,73.8187577203
31714,4171,18.667856016400002,73.7688857317
37788,4096,18.649352,73.761765
20923,3288,18.56203367,73.802972585
36144,3935,18.6325164635,73.7847919017
12466,2220,18.5357199965,73.876064457
32163,3418,18.6111193829,73.7601893395
13631,2294,18.4470522506,73.8051706553
19390,3089,18.57267,73.914475
11759,2010,18.4704975001,73.8238428533
30242,3411,18.5937296713,73.76138459890001
11515,1961,18.4702589961,73.8215411827
20195,3385,18.565984,73.945712
24092,3787,18.5748546486,73.987159878
16868,2718,18.5634025794,73.8846378028
20127,3139,18.5601432,73.8091323
18469,2878,18.5664079758,73.9141146094
18085,2860,18.562272,73.917049
18238,2875,18.5637207293,73.917847909
18734,2955,18.5675419779,73.9176494256
27301,3278,18.5574183268,73.7880722433
16485,2846,18.533832709400002,73.8297152147
38678,4209,18.6560792065,73.7692558765
18279,2888,18.563913,73.917469
16447,2833,18.5341741202,73.8296853751
19220,2608,18.519812982,73.7785376608
15806,2530,18.5099297203,73.8160986453
29296,3160,18.5931538605,73.7562847137
7741,1372,18.4935983724,73.8997041062
15442,2413,18.4955185352,73.8113055378
36694,4017,18.5715633658,73.6944782361
6799,1257,18.481245414900002,73.902598545
14581,2301,18.5016197341,73.8345549256
33184,3638,18.5940029583,73.7296882644
20524,3205,18.5545694716,73.7984624505
13056,2182,18.516108932,73.8419517875
17204,2895,18.544376391500002,73.9225803316
24135,3500,18.5881615123,73.7841759995
9571,1618,18.5144010553,73.8798718527
81076,6065,18.7551494467,73.4002985805
20626,3317,18.573894856600003,73.95907178520001
5516,1005,18.477480430099998,73.8946374133
7589,1522,18.4561173465,73.8509586453
11151,2065,18.5020591367,73.9362153411
19400,3071,18.571708,73.914525
14483,2375,18.5046471446,73.8280362051
18247,2861,18.5655984691,73.9129066095
9449,1696,18.4874962518,73.8576772437
13788,2275,18.5201579178,73.8459868357
11302,1924,18.519397,73.867615
13426,2291,18.5169065923,73.8430568576
6284,1182,18.464571374200002,73.8646442816
15932,2478,18.496668905499998,73.8221989945
27321,3065,18.5664896573,73.77153676
14142,2397,18.486589707,73.8257150352
18559,2919,18.5667524997,73.9184701815
36647,3972,18.6442428083,73.7568523362
18278,2888,18.5638825057,73.9174770937
15974,2569,18.5104403181,73.8164342567
20808,3269,18.560734,73.802776
20185,3159,18.559975676500002,73.8093173504
15136,2363,18.490680090799998,73.8280435279
30827,3465,18.5987396512,73.7638639659
8903,1544,18.5007638179,73.9029183984
23646,3312,18.4934333499,73.7384272367
18558,2918,18.5667755995,73.9182765745
4811,885,18.4741516568,73.8912035152
25289,3879,18.60071,73.80138
15718,2616,18.5297592516,73.8368244097
20162,3160,18.5606253,73.8096263
7699,1430,18.475004844,73.8604429364
13845,2355,18.519482033699997,73.83748020979999
17132,2840,18.5496589546,73.9413977042
30757,3392,18.5922412028,73.7649140507
7441,1376,18.4307874368,73.85786700989999
13981,2430,18.5459364795,73.90577964479999
18947,3132,18.5544960485,73.95294629039999
29977,4015,18.6571179493,73.7788306922
30960,3490,18.5958120435,73.7637570128
16443,2567,18.501964388599998,73.8092308491
26949,3988,18.6336744884,73.80755748600001
15051,2629,18.551070556,73.9081557468
14261,2453,18.5205905966,73.9326862246
15103,2400,18.4870984665,73.8193260133
34479,3964,18.6109025,73.7837181
28573,4069,18.6303913323,73.8025990874
18164,2882,18.5627344945,73.91663756220001
27002,3204,18.560856,73.786414
18572,2503,18.5084802629,73.7921864167
11455,2006,18.5274357414,73.8785904273
7344,1446,18.4569439088,73.8532361761
30244,3355,18.593551716700002,73.7615093216
29379,3973,18.6529083018,73.7823873013
29197,4082,18.6507827904,73.7832197919
19195,2991,18.5610115098,73.9281214401
12152,2076,18.4580213916,73.8165992126
17302,2742,18.5428601554,73.8384099305
18948,2990,18.5698261684,73.9136475697
31019,3531,18.596709429100002,73.7653646618
26695,3384,18.556362,73.799469
16095,2683,18.544189803,73.9357855171
5133,950,18.4574587989,73.9125880972
37059,4046,18.6434705229,73.755396232
16969,2708,18.506448013299998,73.8191268593
25376,3843,18.6256107225,73.82086191329999
18088,3081,18.5585968864,73.928614296
31908,3716,18.6026338348,73.7699743733
37986,4161,18.6458686942,73.766328916
11575,1973,18.5279790305,73.87587804350001
18767,2986,18.5625485617,73.82916402069999
18036,2791,18.565395058900002,73.9109952003
13323,2278,18.516386476199997,73.9249128476
34313,3902,18.600033473499998,73.7932214712
16298,2545,18.501938952899998,73.8105669245
10638,1793,18.518749875999998,73.8785324246
20528,3207,18.5545332368,73.7984631211
6062,1145,18.4621703365,73.8653108105
17041,2824,18.5498903551,73.9405722544
18578,3224,18.55202253,73.9479986206
14364,2420,18.4923185699,73.828650713
31558,3441,18.5910078996,73.7463159487
6071,1110,18.4844112452,73.8873753324
12796,2153,18.5145377624,73.8483823836
11695,1853,18.509158098,73.853857778
18671,2973,18.5625511044,73.8300746307
15349,2566,18.5248648704,73.8289139047
9161,1586,18.5064995193,73.899943158
6454,1181,18.4782846302,73.9013647288
8908,1498,18.5083762983,73.8776308671
14545,2428,18.5156533515,73.9329286292
4773,875,18.4738037664,73.8911492005
18405,2838,18.570899131500003,73.90529095
16120,2597,18.510852038099998,73.8177153468
9533,1750,18.4629113226,73.8377698883
9445,1623,18.4882600224,73.8540777192
15601,2426,18.4987548,73.8133425
7345,1446,18.4569601284,73.8532616571
27209,3255,18.5615788476,73.7850866094
29710,3201,18.5838576793,73.7612602115
34099,3848,18.598616,73.788631
14242,2233,18.4881795755,73.8134516403
7839,1379,18.4944934335,73.89990393069999
22372,3470,18.5800352073,73.974776119
16460,2670,18.5114297162,73.8137765229
18329,3090,18.552843226,73.9486809075
13659,2229,18.5037467881,73.8349891081
27117,3841,18.6161126465,73.8490153849
29968,3280,18.594941,73.760173
21865,3445,18.5809587356,73.8197028637
12239,2107,18.4699330402,73.83046455680001
7768,1530,18.4684857885,73.8550905883
6887,1265,18.4856727,73.898772
94933,7404,18.7579882698,73.3767709136
8817,1483,18.5075528454,73.8771202415
10156,1851,18.4963064348,73.93293567
6571,1173,18.4841784843,73.8837456331
20928,3300,18.561605,73.802522
17216,2893,18.5499625087,73.9420062304
18560,2474,18.5151926831,73.78199838100001
20432,3204,18.5618960474,73.8071108982
32473,3550,18.5836317275,73.7295367196
32559,3472,18.5936594428,73.7393093482
10080,1704,18.459909196199998,73.8261250779
6448,1188,18.4811557431,73.898886703
8156,1667,18.462465459300002,73.8528868183
18489,2487,18.5085425781,73.7914843485
25476,3175,18.552088,73.792923
18633,2490,18.5156317329,73.7816775218
27029,3226,18.5631155766,73.78322683270001
7075,1325,18.463257645,73.91918364909999
11230,2087,18.502100151700002,73.93706727770001
10669,1771,18.5183671054,73.8798497245
8025,1636,18.458001,73.848487
20405,3198,18.561656399500002,73.8072423264
11441,1798,18.5057329686,73.8523815572
18906,2504,18.5080780753,73.7723025307
28468,4104,18.642065088,73.8229161501
20388,3157,18.5460261174,73.8030051067
14520,2198,18.489367515599998,73.7920737639
28202,3213,18.5747027348,73.773432076
34243,3907,18.593988,73.793855
31603,3382,18.6048934055,73.7532122433
20058,3185,18.5521382287,73.8043475524
9981,1703,18.4576531146,73.8246387988
20720,2743,18.5007059512,73.75731132920001
15131,2617,18.5295780514,73.83550778029999
31887,3669,18.5952699237,73.7686758488
12804,2140,18.5130037757,73.8453189656
13755,2192,18.5010226281,73.8349854201
18072,2817,18.5545443615,73.90475068239999
16240,2779,18.533222046600002,73.8295971975
13278,2233,18.5163804358,73.8424443081
32542,3486,18.5947036514,73.73869847510001
26795,3957,18.633723096700002,73.8061409444
22448,3406,18.597612212,73.9054597914
80048,5953,18.7545297376,73.4027538076
12030,1959,18.510048308800002,73.8489456475
23224,3191,18.4995254026,73.7381878495
16479,2663,18.538886,73.912604
23844,3659,18.606176495299998,73.9102331176
7449,1468,18.4573869243,73.85284256189999
18228,2797,18.57077,73.906983
18715,2951,18.567632557899998,73.9177768305
38150,4189,18.649538475499998,73.76630142329999
30140,3345,18.595053,73.7618
12829,2101,18.5137766523,73.8461058587
13981,2341,18.5270997215,73.8506082818
27566,3318,18.563619976600002,73.779085502
36552,3938,18.6429314142,73.7560382858
6946,1275,18.4862109981,73.8988793269
30221,3345,18.5902839932,73.748209253
11421,1986,18.5189453939,73.8658251241
14067,2333,18.5187406565,73.9339854196
20875,3296,18.565354059,73.80681786689999
9846,1720,18.515363725,73.873866722
12655,2233,18.5351795931,73.8755179569
13365,2198,18.5409761259,73.88750810180001
18246,2877,18.5637461559,73.9177808538
25768,3256,18.5519672235,73.7930775806
27100,3239,18.5612877098,73.7860910967
13773,2376,18.4890225177,73.8300501555
16995,2828,18.5508855641,73.9394175634
13829,2241,18.508065675799998,73.8350031897
8933,1525,18.4869382074,73.8572836295
31553,3530,18.5926072834,73.7449936196
20036,3062,18.563142,73.937479
30879,3431,18.5950166585,73.76410704109999
6609,1187,18.4777504,73.904802
34447,3958,18.611306851400002,73.7839999795
25584,3833,18.5935119,73.8020668
31793,3476,18.5860425007,73.73625665899999
13881,2223,18.5397186113,73.8939574733
3909,706,18.4682523699,73.8890205324
24441,3016,18.544018472,73.7902672961
33929,3768,18.6052407114,73.7759741396
30859,3467,18.599231553,73.763705045
13865,2351,18.5117991493,73.83741080760001
13592,2284,18.5220469454,73.8505750895
25259,3120,18.5449835179,73.76946575939999
26452,4033,18.6362300578,73.8206956163
18019,2842,18.5618750703,73.91740869729999
14430,2441,18.4907347812,73.823033832
34915,3795,18.5963551149,73.7194764242
12123,2134,18.5326625619,73.8765133917
4392,809,18.468512183199998,73.8913600892
19743,3115,18.5510187456,73.80393784489999
18552,2922,18.560747,73.918771
23738,3621,18.5967682166,73.9079539105
13963,2275,18.503996373499998,73.8309580833
23168,3056,18.541374739600002,73.7921317667
30278,3348,18.5966814653,73.7609504163
17680,2808,18.5607337202,73.9140096679
12034,2103,18.472731152799998,73.8214372471
25871,3682,18.60276,73.776804
15665,2623,18.521857471300002,73.8293514401
18545,2917,18.5658130031,73.9154617488
14922,2557,18.527553682,73.8378902525
17520,2967,18.5536928423,73.9380174503
14035,2404,18.523231471400003,73.8438031822
13160,2277,18.5098527,73.9283031
79609,5836,18.7538014494,73.40469103310001
16665,2604,18.501997455,73.8218154386
37487,4125,18.6466257201,73.770057857
12557,2133,18.5027325459,73.93200092020001
25483,3812,18.6152296614,73.8047998399
37903,4113,18.6484920622,73.7654840201
15942,2566,18.5105983297,73.8158009201
12898,2183,18.508834123699998,73.9284972847
12669,2038,18.5091126335,73.84365398439999
18052,2851,18.5620807095,73.9172306657
9876,1663,18.5180555473,73.8790765777
16253,2546,18.5026476545,73.8174078986
6927,1203,18.4801744378,73.8754398376
18158,2880,18.5628181,73.9167764
68179,6031,18.7667587313,73.4974069521
15980,2575,18.5109067221,73.8156228885
26174,3994,18.5842965526,73.9971199259
6034,1083,18.4863502715,73.8885876909
6108,1154,18.4617565914,73.8652930409
24978,3794,18.597761,73.804023
65557,5846,18.7597514781,73.5152412951
16454,2835,18.5341280266,73.82925085720001
11470,1804,18.5059911354,73.8522947207
15300,2564,18.5519847055,73.8975734264
7161,1412,18.4553257639,73.8535097614
18809,2564,18.5083053988,73.7905472517
4517,832,18.459918737,73.8776603714
9451,1744,18.4627707581,73.8377906755
9595,1638,18.513942609,73.8773019612
14713,2494,18.4904486102,73.8213648275
31231,3442,18.5903612143,73.7689296529
12185,2245,18.5062527991,73.9420977607
30006,3288,18.594975665699998,73.7605319917
35256,3889,18.612473282,73.7146310136
13607,2351,18.5390151492,73.899263218
20906,3330,18.5604842177,73.8063940778
13990,2356,18.48984,73.82714
18317,2838,18.565224118699998,73.9138275708
15578,2591,18.5299592075,73.8381393626
25625,3759,18.6263433747,73.8047948107
29191,4151,18.6510181831,73.8395699859
12945,2123,18.513417715,73.8450665027
38444,4176,18.6562304123,73.7670554593
31839,3526,18.5914578768,73.7735018134
12709,2235,18.4643420845,73.8324151933
33070,3570,18.5956407644,73.7348360941
14355,2405,18.5365426781,73.9110206813
11667,2109,18.5048519556,73.9276165143
6311,1182,18.482222,73.896898
18590,2930,18.5604063474,73.9187655598
34674,3744,18.6355076145,73.7505122647
9589,1609,18.5154848532,73.8787714764
27005,3823,18.6364063792,73.796630837
13837,2242,18.5079973197,73.8350370526
13414,2211,18.541424963599997,73.8876549527
28827,3986,18.6441611641,73.7914518267
20462,3262,18.557593140599998,73.8050767779
10364,1734,18.5157309243,73.8796619698
7219,1284,18.4812807112,73.8748517632
13050,2180,18.5160485271,73.8418434933
17991,2902,18.5623124109,73.8369112462
14666,2465,18.5301785546,73.9211822301
8714,1477,18.506064579300002,73.8763082027
19181,2572,18.519495386099997,73.7786570191
13950,2272,18.5040332548,73.8308176026
12495,2226,18.5359774823,73.8760654628
13371,2034,18.4815303293,73.8025997579
7315,1432,18.4605789548,73.8575283811
18379,3027,18.5541963167,73.9474749193
27704,3967,18.6367488552,73.7975401059
28221,4094,18.6422684066,73.7986304238
30723,3442,18.5980154599,73.7636708468
8887,1554,18.480045653,73.85706737640001
31007,3498,18.5954097438,73.763634637
13510,2143,18.4946781685,73.8364271075
31037,3375,18.5910921115,73.741404824
38060,4161,18.6501194957,73.7665314227
12966,2088,18.4865321534,73.9522955194
11031,1874,18.5232371938,73.87648791069999
31404,3429,18.588604505699998,73.7385385484
19879,2749,18.5077620473,73.80372427399999
11727,2032,18.470487323900002,73.8207516074
8967,1686,18.4811656006,73.9329111949
13260,2313,18.509662021500002,73.9280285686
4648,867,18.4724583078,73.8914318383
22221,2839,18.5233872458,73.7806985155
24229,3539,18.5879314349,73.7835637853
9521,1744,18.4628245034,73.8377628475
82937,6203,18.7615168901,73.4589631855
20312,3204,18.5603911,73.8088796
9578,1670,18.4926050557,73.8571813703
18719,2903,18.5711304983,73.9114102721
16425,2662,18.511398,73.814173
34420,3994,18.5935701478,73.7932361662
16464,2839,18.534019945,73.8296987861
15263,2490,18.539498958499998,73.9060009271
9571,1618,18.5143927893,73.8798782229
14770,2350,18.4859477139,73.8155752793
37806,3870,18.6593583718,73.7326571345
4466,821,18.459449332000002,73.8776576892
16054,2505,18.502092,73.81283
23565,3166,18.499205,73.731933
18073,2410,18.5045883821,73.7884440646
17431,2271,18.3539463689,73.8531238586
32499,3632,18.5774501914,73.7438724563
25575,3827,18.594891,73.803932
13958,2272,18.504017993599998,73.8306935504
17142,2852,18.5543603269,73.9353258535
29983,3283,18.5950633712,73.7603133917
10211,1709,18.5171027481,73.879436329
21296,3350,18.565298,73.802485
6795,1256,18.4811646467,73.9025606588
27608,3352,18.562671,73.779964
15437,2616,18.538911521099998,73.9352148771
13726,2330,18.5220564827,73.8410881162
17586,2762,18.5610452005,73.91384840010001
11898,2077,18.4737827785,73.82208097729999
19671,3089,18.5547080536,73.8092134148
18836,3000,18.550577,73.9224
16446,2826,18.534763799100002,73.8289625198
31740,3565,18.594808834600002,73.7647916749
13980,2552,18.5175564173,73.9462451264
30984,3495,18.5999538326,73.7642059475
9581,1621,18.5144967503,73.8772389293
18792,2920,18.567812,73.914639
24586,3730,18.6175170252,73.8172422722
18234,2856,18.5700321159,73.90351518989999
15552,2633,18.5404576724,73.93378693609999
14558,2298,18.501387950399998,73.8346320391
20288,3169,18.5604334,73.8072715
31824,3580,18.5946953893,73.7640004233
27353,3071,18.566766484000002,73.7716111913
32576,3651,18.587340350799998,73.7804292887
6584,1215,18.4812202941,73.9004353434
18635,2490,18.5157013576,73.7816483527
15074,2355,18.4913773923,73.8153848425
24922,3792,18.620913857799998,73.81794702260001
9637,1736,18.4911592672,73.8580165431
17643,2720,18.565294625,73.9074486494
32054,3577,18.5931036518,73.7732406333
79691,5870,18.7543713177,73.40427126739999
26107,3916,18.609109962,73.802456595
30054,3253,18.5907914907,73.7486447766
14082,2259,18.4836105717,73.8111335412
10647,1831,18.5196778687,73.8708257675
37795,4272,18.5778887634,73.6900737137
29950,4253,18.6483132119,73.77756334840001
32805,3611,18.6025772737,73.7646589056
30804,3437,18.5939435343,73.7641174346
38247,4238,18.6510493146,73.7667845562
19843,3122,18.5562569,73.8090749
9767,1674,18.5163406958,73.8795888796
25733,3864,18.593477,73.8038068
16208,2640,18.5101703945,73.8143253699
15037,2496,18.5312228339,73.8462004066
15071,2424,18.5345183912,73.8996199518
31960,3548,18.5924989211,73.7732768431
16313,2547,18.5018524713,73.81036709989999
16697,2822,18.5422005726,73.935854584
23348,3527,18.602580769,73.8179054484
31436,3334,18.602761256199997,73.7453711405
29949,3276,18.595008714200002,73.7599958852
33218,3606,18.5944700874,73.73515293
31277,3371,18.6049302651,73.7512974814
6459,1170,18.4788325271,73.9016349614
15944,2563,18.5104377746,73.8161234558
14582,2366,18.5365938571,73.8974973187
17179,2726,18.5439288331,73.8387388363
28460,3239,18.5742743246,73.7765005231
18694,2494,18.5163327478,73.7815776095
15583,2494,18.537677196500002,73.9091186598
32388,3440,18.5951262903,73.739763312
6037,1129,18.4856564473,73.8894993067
7491,1366,18.475099925,73.910305202
37856,4107,18.6489406166,73.7612793222
13763,2297,18.5263221365,73.85231081399999
8684,1576,18.4884501696,73.8653433323
20462,3235,18.5647465,73.8128775
13553,2287,18.5178457221,73.8386533409
16041,2713,18.5321691965,73.8297135383
31450,3290,18.611391371,73.7496780977
35177,3789,18.5963706857,73.7170634419
23480,3463,18.5737451667,73.795261234
25540,3185,18.551982480499998,73.7935191393
4726,893,18.473748,73.890575
37983,4127,18.6479875959,73.76603119079999
14335,2342,18.5017380104,73.8291288167
11947,2014,18.5060445491,73.9248789847
32948,3562,18.6018585006,73.7328277901
10032,1733,18.487036779500002,73.8500798866
16128,2738,18.5316964927,73.8313302398
9363,1699,18.4901382732,73.8579008728
18585,2906,18.569541718900002,73.9105935395
14277,2409,18.4901974153,73.8242991641
32067,3563,18.5935173969,73.7735132128
15397,2466,18.5049511532,73.8315783441
37923,4117,18.6483904067,73.7656342238
38380,4267,18.6494660464,73.7659312785
7641,1377,18.490716657,73.9000246301
18052,2774,18.5684201252,73.9076571912
9129,1523,18.5111531177,73.8800780475
16133,2811,18.547508632,73.9156813547
27142,3255,18.563459,73.782463
27654,3965,18.640297476500002,73.7944243848
18127,2872,18.5624281026,73.9167585969
19563,3071,18.5532911,73.8089945
12237,2061,18.5055123183,73.9276098087
4743,886,18.4734746372,73.8911502063
14234,2419,18.5436535586,73.8990328833
18914,2505,18.507887314,73.7721945718
27839,3311,18.5554683457,73.7434681132
30755,4163,18.655889563800002,73.7737130374
10342,1725,18.5189005679,73.87731067840001
5035,946,18.4781927309,73.89032375069999
13295,2238,18.5162510423,73.842429556
6754,1233,18.4810959618,73.9024161547
5533,1092,18.4671313839,73.9066399634
11903,1920,18.5086315997,73.84884841739999
26811,3179,18.5615947394,73.7835916132
14127,2326,18.519658,73.931618
7451,1507,18.448964,73.843718
32393,3441,18.59513,73.739624
16419,2661,18.5114227217,73.8142378628
21616,3330,18.5594862041,73.789578639
38867,4274,18.65694292,73.7699435279
31481,3488,18.591886879300002,73.7449788675
13687,2289,18.5258173084,73.8528881595
30691,3435,18.5979175874,73.763435483
13193,2112,18.4887614636,73.95076900720001
31750,4262,18.659492739,73.76904699949999
25503,3812,18.5952095469,73.8036340848
27229,3259,18.56154,73.785053
19036,3109,18.5598421842,73.9457207546
14584,2517,18.52912505,73.8437435031
6916,1201,18.480069184,73.875403963
17054,2859,18.5538248,73.936114
14024,2291,18.510784319000003,73.8353431597
8417,1445,18.4789447774,73.8604627177
17832,2748,18.565089,73.909232
33646,3788,18.5955571902,73.7872622162
14532,2339,18.536751208800002,73.8971238211
25299,3149,18.551616630599998,73.7915594503
25755,3884,18.5926658,73.8014004
22107,3367,18.598481306900002,73.90106130390001
9924,1731,18.514159751199998,73.8712358102
14916,2388,18.4600208228,73.7860159948
13190,2287,18.526279,73.909778
37911,4115,18.6484885678,73.76557722689999
14016,2331,18.5192429622,73.9314990118
33076,3584,18.59572,73.734539
16573,2814,18.547236,73.930638
17189,2727,18.5438404656,73.8387183845
26064,3949,18.5906904362,73.8043083251
18705,2495,18.5164096844,73.781504184
29153,4143,18.6506998787,73.8395270705
6892,1197,18.479850408599997,73.8754240796
34268,3915,18.5942069699,73.79387486729999
25616,3230,18.552278402,73.7938822433
12289,2004,18.5114802669,73.8489999622
16243,2548,18.5008382179,73.8142579794
5765,1083,18.483291318800003,73.8900950924
25782,3893,18.59242,73.801475
33021,3597,18.6001454443,73.7330618128
14051,2406,18.5244910148,73.8416718319
16768,2682,18.541227882,73.8296313956
8434,1491,18.4889582877,73.8651934639
13243,2307,18.5098206697,73.9278740063
33668,3787,18.5948574,73.7888196
12224,1975,18.510331585699998,73.8462899253
27142,3257,18.5613500057,73.7857028469
18171,2920,18.5639508394,73.91646523029999
37634,4152,18.5780969258,73.687393181
4416,906,18.4528791175,73.8735974953
35906,3957,18.632150786500002,73.7680190429
27053,3421,18.552832101099998,73.8031583279
19825,2674,18.5036390053,73.76839522270001
26572,3257,18.564308,73.777694
12336,2041,18.514373395899998,73.85414175689999
25600,3740,18.6256453536,73.8052125648
5591,1072,18.4695810071,73.9000434056
27961,3610,18.5112519937,73.697594963
30295,3373,18.5934516172,73.7614087388
15157,2410,18.487223,73.819833
33656,3785,18.5949551,73.7887472
4956,913,18.4754058373,73.8915810362
18257,2803,18.571005593,73.90695398609999
13502,2297,18.5233961472,73.931706883
19061,3054,18.55099586,73.92471268770001
14430,2604,18.5456472222,73.9066788554
17949,2817,18.5607836207,73.9183280244
15773,2522,18.553275186300002,73.89973361050001
23622,3541,18.6105630133,73.8178699091
10157,1770,18.4560394287,73.8259222358
13258,2171,18.5400180506,73.8876891509
13653,2307,18.5204984021,73.8434172794
16203,2538,18.5020597726,73.81590016189999
26633,3198,18.564399,73.7780693
19548,3024,18.562857496099998,73.9314446971
8195,1676,18.459536470899998,73.8482506201
10733,1781,18.5218415758,73.8774504885
9837,1732,18.5169752628,73.87807175520001
13531,2285,18.5193644055,73.8433244079
32327,3637,18.5948720715,73.7740506604
82535,6204,18.7621080022,73.4549395368
33167,3645,18.5942835537,73.73453434560001
19743,3115,18.5511048844,73.8039888069
11791,1911,18.508250714000003,73.85031893850001
13643,2314,18.5213097121,73.8411286846
14623,2492,18.5305431789,73.8511715457
13657,2334,18.5195163685,73.84159639479999
18046,2780,18.564922447,73.9112563804
18111,2842,18.5627472078,73.91777917739999
5481,1032,18.467763589100002,73.90161316
10891,1831,18.5205324187,73.872407265
29223,3528,18.569889,73.795111
6781,1254,18.4812877069,73.9024305716
38892,4258,18.6586039439,73.7689159065
34379,3972,18.5935946,73.7928869
9711,1654,18.516315898,73.8790618256
36979,4002,18.587940333,73.7045331672
16302,2595,18.5090843375,73.8115184382
19680,3091,18.5534407867,73.8078887388
24392,3579,18.5882374632,73.7819081917
33773,3802,18.5940255203,73.7872501463
12486,2079,18.5149704554,73.8550540432
14568,2361,18.537669249500002,73.8986359164
7557,1512,18.4553836459,73.8506669551
18557,2936,18.56552,73.916743
27145,3257,18.5613255323,73.78571692850001
17351,2713,18.5593399978,73.9130826294
30645,3388,18.6039375959,73.7532313541
13010,2420,18.501818769,73.9525389299
9164,1548,18.5074011897,73.8750103489
34517,3948,18.6012025,73.7947304687
14431,2184,18.4889032787,73.7927567214
18314,2825,18.570324,73.905357
19414,3068,18.5691886195,73.8319481537
19023,3143,18.5577285417,73.9496864006
11023,1757,18.449461450799998,73.8332057744
28879,4177,18.6531665634,73.80990508939999
26588,3194,18.564935,73.777344
28695,4177,18.651349829,73.8093911111
17973,2417,18.5074768586,73.7827708572
19826,2674,18.5036272414,73.768376112
27993,3402,18.5598812783,73.7905368581
27388,3340,18.563444,73.784139
6800,1269,18.4716143301,73.9135087654
25948,3065,18.556017,73.775445
14364,2496,18.526524003800002,73.8422106206
11595,1977,18.4702799845,73.8222911954
6797,1257,18.4811325302,73.9025861397
20490,3242,18.557754,73.804492
37937,4206,18.6479037299,73.7707679719
13110,2229,18.522884017,73.9280406515
18807,2922,18.567748246,73.91477074470001
25466,3174,18.552035244200002,73.792825453
14103,2341,18.5186866108,73.9343351126
30786,3411,18.594677593900002,73.7633191422
39792,4381,18.663626941300002,73.7711005658
14595,2474,18.519418,73.938761
32393,3616,18.5886636138,73.7795481831
16733,2618,18.502600280699998,73.8217121735
7621,1337,18.492543370699998,73.8999860734
16239,2779,18.533216006700002,73.8295512646
28912,3457,18.565657,73.800936
28518,3248,18.5713259563,73.7749820575
14530,2303,18.5328119699,73.89652535319999
28246,3224,18.571426386600002,73.7747590989
7407,1458,18.4574804248,73.8531563804
6834,1265,18.4812040768,73.9029331505
17858,2831,18.5619306914,73.9144666493
30871,4365,18.6599631823,73.8032384589
26825,3017,18.5705380846,73.763419725
21095,3370,18.5717241812,73.9553552493
9533,1619,18.5142624406,73.8777817413
81903,6198,18.7629321271,73.3903891593
9444,1657,18.5127872678,73.8769821078
20137,3140,18.560041,73.809278
26882,3196,18.562054329200002,73.7839808688
23271,2846,18.539197,73.784546
18570,2926,18.566051056,73.9153739065
37810,4269,18.5780298689,73.6899104342
27151,3279,18.5699078482,73.7746310234
27015,3224,18.5630828398,73.7833706662
6628,1203,18.4803407,73.9014204
12483,2069,18.5122490174,73.8458715007
38829,4280,18.656507728399998,73.7698536739
37027,3976,18.6377251306,73.7588411942
18680,2950,18.5678216634,73.9185992628
7737,1391,18.491576439,73.8999156654
13745,2334,18.5222437312,73.8412792236
14597,2408,18.5148194422,73.828936033
15167,2526,18.5309329159,73.8473195583
20746,3261,18.560206,73.802929
30912,3494,18.5963595637,73.76395247880001
21213,3350,18.5655075702,73.8036159799
19306,3011,18.5666136096,73.918476887
20101,2778,18.5074463367,73.8066294417
19616,3232,18.5584557648,73.9524172246
9270,1585,18.5117304768,73.8764765114
17429,2937,18.5502819551,73.94330944869999
14863,2605,18.5492190386,73.90197560189999
14883,2412,18.536577963,73.8996591792
36747,3970,18.641147292,73.7566132843
15976,2572,18.5570499457,73.8971925527
10487,1754,18.5146531685,73.87997109439999
23241,3573,18.600135911400002,73.90976272520001
18072,2817,18.5545532613,73.9047473297
13666,2318,18.521515718099998,73.8410931453
13670,2054,18.484787096199998,73.7985194474
18453,2877,18.5651344392,73.9151157439
7805,1479,18.4648601325,73.9339636266
15171,2527,18.5309643873,73.8473098353
32512,3639,18.5974863756,73.77400171010001
20982,3262,18.5557442368,73.79451390359999
21704,3405,18.5765180633,73.9674345776
30873,4366,18.6599873239,73.8032109663
16627,2597,18.501715436199998,73.8220008463
15792,2667,18.5293081581,73.8307857513
15150,2488,18.503713722,73.8213936612
14737,2542,18.5305177474,73.8440844789
32597,3654,18.5872167313,73.7806006148
18234,2799,18.5708209433,73.9069340006
14344,2339,18.522788,73.931771
13574,2314,18.5205944115,73.8409546763
31406,3429,18.588589252000002,73.73852781949999
33384,3829,18.578177966,73.7374867871
14544,2547,18.549348407100002,73.9033043012
18544,2917,18.56581491,73.9153430611
18538,3198,18.5518785423,73.9484036341
11292,1907,18.5257705768,73.8764228672
27177,3252,18.5637353496,73.7820302323
30481,3394,18.5977946111,73.7614516541
13899,2289,18.5193043197,73.8454188779
19020,3143,18.5576726014,73.94978865979999
9008,1542,18.4876590541,73.8572578132
13672,2310,18.5205912324,73.8436774537
11776,1893,18.5082122439,73.8506662846
28545,3296,18.5689925235,73.77663396300001
7134,1312,18.4876345702,73.8989282772
65221,7814,18.410271,73.509065
14321,2507,18.54878421,73.90533406
13981,2380,18.5242853303,73.84134091439999
18100,2917,18.5509809208,73.838977553
6475,1174,18.478973714400002,73.9015605301
9149,1543,18.5072536671,73.8750217482
35658,3947,18.6308958509,73.7779572979
13820,2337,18.520107051700002,73.845631443
17478,2715,18.5622053007,73.9085835591
12300,2132,18.5079820588,73.9260246232
11601,1837,18.5072021613,73.8511668518
24829,3708,18.5975000397,73.8053433225
3162,584,18.4618297363,73.8901245967
20449,3259,18.5577458,73.8048815
38458,4290,18.648911073,73.7653807551
27693,3123,18.5698280753,73.7714579701
13979,2298,18.5190375893,73.8445716351
5863,1071,18.472575014300002,73.899480477
6971,1213,18.4805537959,73.875486441
15238,2518,18.4980389744,73.8264968991
12789,2136,18.512914756300002,73.8451815024
32482,4548,18.6595927997,73.7774453312
6037,1102,18.4862679158,73.8884351403
18783,3015,18.5618480543,73.8297849521
9394,1648,18.5125755286,73.8768372685
26657,3193,18.564297593,73.7786305323
33023,3696,18.57925691,73.7362023443
15423,2420,18.4938028219,73.8142593205
37328,4155,18.6297165206,73.7875049561
29132,4138,18.6504317655,73.839721866
29756,4034,18.6548971921,73.78027372060001
14705,2541,18.5489711086,73.9009952545
8263,1362,18.4971773171,73.8766019046
16974,2638,18.5018750456,73.8042007014
17265,2901,18.5537605444,73.9397028834
20333,3192,18.5607109,73.8112462
15002,2347,18.4916915427,73.8287355378
31280,3369,18.603808,73.748297
12205,2088,18.4704758757,73.8293638453
14178,2424,18.5260067781,73.8417626917
14163,2335,18.5091793995,73.83271995930001
14480,2308,18.5393034641,73.8996253163
13132,2233,18.5229647471,73.9282307401
12215,2016,18.511692961199998,73.8486948609
25228,2945,18.557784,73.770994
20836,3342,18.561917,73.804104
6812,1229,18.4758561189,73.9088376984
16383,2803,18.5329678,73.8275062
9068,1587,18.4881493681,73.8571622595
7305,1438,18.456621744,73.8532961905
21018,3283,18.5715420721,73.81724193689999
33701,3688,18.605699,73.72779
18861,2563,18.506316,73.7929012
31895,3474,18.5856522539,73.7343536317
15152,2528,18.5241801036,73.829465434
18639,3155,18.553420126400002,73.9480784163
30759,3392,18.5922990385,73.7649452314
14764,2370,18.537238839,73.9000920206
15465,2471,18.5372960576,73.9085466787
18252,2819,18.565358,73.913203
36340,3851,18.6398079173,73.7508924678
16454,2835,18.5341124501,73.8296800107
18490,3048,18.5603945874,73.9447967336
13200,2214,18.5191142067,73.8485879079
13437,2273,18.5194740859,73.84138952939999
7381,1453,18.4572609846,73.85312050579999
30207,3326,18.5980113289,73.7587949261
16674,2661,18.504041,73.81146
18535,2914,18.5657376778,73.9153303206
18560,2898,18.5651045633,73.9161319658
27190,3050,18.5664950603,73.7707642838
13681,2354,18.5436255861,73.9050795883
38151,4158,18.6471972201,73.7672636658
9704,1631,18.5165254072,73.8789086044
18078,2978,18.5621366484,73.8379244506
13749,2270,18.520520338,73.84609412399999
17932,2810,18.561800061099998,73.9172078669
35243,3954,18.628033292,73.78081955020001
14581,2365,18.5375576735,73.898640275
9553,1603,18.5151618446,73.8787858933
14759,2542,18.5490032124,73.9005047455
34120,3866,18.5935986,73.7929328
15980,2575,18.5109242082,73.8157288358
19001,3152,18.5574428007,73.9497115463
30721,4302,18.66060325,73.7955810875
15269,2492,18.5398842248,73.9059506357
18263,2833,18.569183,73.908816
16969,2823,18.550661793499998,73.9395235106
14648,2535,18.5281592787,73.8409241661
12293,2011,18.5135680936,73.8550869003
18448,2876,18.56512554,73.9150631055
12911,2154,18.5145841792,73.8455687463
29474,4141,18.6480508131,73.7882301584
27780,3137,18.5645515396,73.7757712975
12070,2121,18.5321895415,73.8765710592
13668,2356,18.519843501700002,73.8430843502
14692,2504,18.5284908459,73.91860160979999
34363,3967,18.593561,73.792752
21008,3351,18.5670401321,73.807740882
13347,2252,18.5187063216,73.8416654617
39041,4186,18.5777590988,73.6910869181
30500,3298,18.590953876900002,73.74439649279999
28191,4016,18.6332281176,73.80053982140001
18596,2934,18.5585819479,73.9188473672
13362,2198,18.5409526032,73.8876599818
18552,2917,18.566688298800003,73.91843967140001
24311,3523,18.5919548841,73.7848633155
5417,995,18.4779656853,73.8935628533
26074,3926,18.583710858299998,73.9907865599
28221,4094,18.6422773018,73.7986344472
13824,2362,18.522668457,73.8412021101
12203,1975,18.5108218347,73.8491548598
14539,2442,18.4873404447,73.8211070001
17641,2736,18.5647063228,73.90714187180001
12989,2168,18.5154784948,73.8418894261
26778,3185,18.5649945943,73.7738629058
20084,3191,18.55237,73.804358
24689,3691,18.5984023,73.8063017
18167,2851,18.56325,73.917595
38661,4336,18.6568698587,73.7709574029
30600,3719,18.5844767414,73.7826179713
20935,3293,18.560469,73.801596
14446,2609,18.5456462686,73.9065266401
12571,2263,18.5364660684,73.8757613674
13632,2336,18.5191882809,73.8440298289
14569,2456,18.5200040479,73.83071869609999
18697,2923,18.568168,73.913877
26248,3091,18.562345783599998,73.7765887007
11925,2019,18.5038774628,73.926053457
17435,2748,18.5605001096,73.9114253595
10190,1718,18.5175500589,73.8793967664
18623,3150,18.553279000499998,73.9480251074
9674,1646,18.515156122,73.87694824489999
10419,1797,18.4905077523,73.8500604406
19696,3076,18.551534306300002,73.8047961518
30207,3326,18.5980065624,73.7587600574
14460,2447,18.5305682925,73.918476887
13906,2256,18.539396602100002,73.8868576661
13524,2258,18.5231424574,73.8474798203
13747,2137,18.4907481358,73.8329787925
18023,2872,18.563993,73.915063
30836,3421,18.5951510766,73.7633117661
12362,2194,18.5348156145,73.876314573
15819,2636,18.5298008959,73.8358708844
40179,4357,18.5571408491,73.66878099739999
6015,1104,18.4821844223,73.8951456919
12566,2209,18.5375395543,73.87977831069999
12040,2080,18.525530878199998,73.8670760393
23123,3127,18.4978243554,73.7361426651
15360,2716,18.5494310503,73.9065568149
17216,2711,18.505291667799998,73.8130224869
16169,2530,18.5017653539,73.8159789518
28641,3294,18.566939699200002,73.7763915583
37912,4115,18.6484317042,73.76554269340001
13998,2591,18.4973162637,73.961718455
14558,2464,18.5155980332,73.9329219237
24737,3059,18.5466294236,73.7907061726
13983,2276,18.5037563264,73.8306137547
13675,2311,18.5206083997,73.8437156752
18156,2801,18.5651427028,73.9122987539
18588,3137,18.552963374,73.9481166378
31052,3459,18.597028,73.763618
11993,1948,18.5097192493,73.8490019739
17297,2887,18.5495871188,73.9426077158
9887,1664,18.5181684077,73.8790095225
9647,1639,18.5149170444,73.8768761605
6633,1204,18.4803973466,73.90146464109999
54569,5606,18.744653133,73.7879793718
17192,2851,18.549603329500002,73.9419773966
16443,2831,18.534213538099998,73.829658553
14780,2419,18.5350778699,73.8977812976
16554,2851,18.5458045655,73.937333487
12264,2307,18.5106247179,73.9390028268
31358,3550,18.6010831628,73.76127731060001
27281,3333,18.570514566,73.7739551067
16137,2830,18.551142,73.916245
15810,2672,18.5292630168,73.8309621066
37548,4065,18.6482966929,73.7630995363
29703,3252,18.5939200189,73.756984435
19428,3055,18.5522759,73.8091102
2692,516,18.4573891505,73.8913054392
20889,3236,18.5556139196,73.79485387359999
18897,2998,18.5679546775,73.9164225322
7485,1476,18.457318865999998,73.8525079563
9164,1531,18.511501885999998,73.8785703108
7053,1317,18.4811595589,73.90499845149999
12118,2132,18.5326326802,73.8766384497
84800,6502,18.779951,73.390052
16558,2847,18.543771488,73.93955670300001
17858,2927,18.5656960424,73.8491159678
16980,2904,18.541434,73.926483
14309,2524,18.5483042386,73.90606429430001
32466,3632,18.5881929731,73.7798925117
13604,2293,18.5182265864,73.8380471617
16148,2605,18.5111181454,73.81763353939999
18843,2497,18.5079598033,73.7729056925
19258,3146,18.5593765494,73.9499512687
31011,3362,18.5991054,73.74496378
14849,2561,18.5496967797,73.9009352401
17027,2763,18.5064492851,73.8209303096
13741,2193,18.5012251611,73.8350658864
13679,2308,18.532976636500003,73.9157802612
13306,2283,18.5329760007,73.9102066308
9671,1645,18.5151300524,73.8769864663
4684,929,18.4509336701,73.8796348125
12547,2078,18.5144452467,73.8513760641
25362,2982,18.5487791215,73.7657844275
15095,2444,18.4599464051,73.785825558
26875,3214,18.561956753900002,73.7835466862
24232,3540,18.5878933005,73.7835148349
12992,2169,18.5155369923,73.842034936
10616,1800,18.519249638399998,73.87577645479999
13971,2378,18.5241225628,73.8416091353
27078,3253,18.5692582224,73.7746987492
31119,3526,18.6009249172,73.763224259
17909,2801,18.5612568797,73.9178482443
6619,1202,18.4741538828,73.9091766626
19853,3132,18.552386472000002,73.8037319854
8775,1476,18.4861130615,73.85835886
34379,3972,18.5935946,73.7928869
8367,1694,18.456129113699998,73.8447020575
21858,3368,18.592593,73.830888
25515,3814,18.595266,73.803748
13176,2202,18.538181353800002,73.8867929578
27847,3395,18.5698519119,73.7810770422
16316,2640,18.5327617434,73.83395545180001
15227,2509,18.5030603471,73.8216467947
5830,1069,18.4843889867,73.8894470036
9166,1648,18.4919789834,73.8614048436
9260,1642,18.4810902381,73.8547754288
14521,2447,18.493109663800002,73.8260603696
18804,2992,18.562626430999998,73.8288404793
14738,2410,18.5361465962,73.8984806836
4999,946,18.4775869574,73.8897655159
10196,1701,18.518584242,73.87863703069999
27559,3114,18.565847,73.773533
27333,3069,18.5752163171,73.7662960589
13152,2133,18.539685234300002,73.8870527968
36057,3990,18.6268031076,73.7826022133
7123,1276,18.4763897138,73.9087907597
34287,3702,18.5942867314,73.72463967649999
20822,3275,18.560304,73.8023655
6556,1190,18.479709858,73.90153538439999
7497,1283,18.4806867142,73.866886273
13584,2289,18.5180819344,73.8382295519
15249,2554,18.5275876972,73.9260289818
18115,2827,18.5657904373,73.9106082916
27467,3133,18.5667156318,73.7719112635
17254,2736,18.5431964622,73.83875023569999
26085,3957,18.619494574,73.8035573065
21144,3348,18.5657157477,73.80456347020001
19644,3085,18.5532786827,73.8082129508
14559,2358,18.5377493553,73.8988367468
16598,2858,18.543763859200002,73.9400341362
14144,2371,18.5191707956,73.9310219139
38468,4292,18.6488465855,73.76540053640001
5894,1075,18.478585,73.896542
16442,2825,18.5347952698,73.8289977238
26073,3926,18.5836946508,73.9908083528
14263,2274,18.5394086815,73.8975677267
16592,2861,18.5435108353,73.9397307113
16880,2663,18.5064203527,73.8188596442
18586,2901,18.569203,73.911399
23595,3212,18.4960989,73.7321065
18339,2892,18.574352,73.88936
22968,3502,18.5985105414,73.9087515324
20800,3320,18.5605624058,73.8051136583
28507,3280,18.5759997178,73.7749143317
13696,2356,18.5437095036,73.9052093402
6763,1250,18.481169416500002,73.9022532105
27172,3254,18.570201196099998,73.7747621164
18540,2919,18.560859,73.91878
13163,2199,18.512885507100002,73.8402043283
16929,2888,18.54187,73.926573
15461,2461,18.494601222100002,73.8134057075
16108,2679,18.5565541081,73.89517653729999
16929,2888,18.54187,73.926573
14514,2424,18.515899,73.933166
16331,2581,18.500298,73.814384
19311,2586,18.5201140458,73.778091073
18898,2523,18.5178190171,73.7804410234
14511,2440,18.5194073239,73.9379628003
18023,2775,18.5652838188,73.9110404626
27254,3323,18.5704201737,73.7742052227
6110,1132,18.4825866708,73.8956056908
6470,1189,18.4547857428,73.93075000489999
13727,2393,18.5324355885,73.8708204031
12284,1987,18.5107725555,73.8459415734
11901,1918,18.5087136267,73.8488286361
19424,3050,18.5525193,73.809431
14854,2395,18.5070555923,73.8234237581
17982,2833,18.5386216161,73.834316209
11931,1923,18.508890715899998,73.8486167416
13822,2338,18.520174767100002,73.8456475362
39709,4399,18.6639395038,73.767705895
13220,2161,18.539678876700002,73.8875235245
14061,2409,18.524453502,73.8417576626
18056,2782,18.5650394083,73.9113566279
18026,2873,18.5639540177,73.9150862396
14516,2442,18.519592,73.938016
20065,3156,18.55825,73.80875
28221,4094,18.6422544285,73.7985985726
31431,3539,18.588428,73.768739
13305,2237,18.5170547424,73.8442658633
27005,3823,18.6363717503,73.79659328609999
29601,3197,18.5911315164,73.752819635
18960,2545,18.5175338451,73.7802331522
26090,3958,18.6195082363,73.8036702946
9160,1523,18.5116236528,73.8788254559
17040,2654,18.558336256300002,73.9103192836
28071,3182,18.5730841142,73.7707736716
7167,1413,18.4553871443,73.853537254
33136,3719,18.5802478163,73.7358050421
12613,2261,18.5368379905,73.8761546463
17930,2809,18.561529583,73.917103596
15184,2498,18.5034329778,73.8215314597
18796,2562,18.508244991199998,73.7906716391
27250,3272,18.5616366937,73.7847389281
16937,2856,18.550696122,73.9290997759
16713,2615,18.5015516934,73.8229865581
19523,2632,18.5207629048,73.7761984393
31992,3410,18.6009541514,73.7404663861
17024,2825,18.5500565945,73.9404052868
15893,2553,18.510349,73.815633
14597,2337,18.5387376417,73.90028111630001
14944,2452,18.5340065937,73.8981202617
15096,2429,18.5343298846,73.8993993402
18310,2836,18.5652094469,73.9137588814
17909,2801,18.5612568797,73.9178482443
18294,2813,18.571107,73.906816
14139,2396,18.524263076900002,73.8437505439
10817,1798,18.522526352,73.8777887821
32037,3430,18.600745063599998,73.74014049770001
15739,2652,18.5290315885,73.830303289
17653,2722,18.565,73.907526
9704,1631,18.5165006094,73.8788958639
9125,1516,18.5113171692,73.87871615590001
14556,2429,18.5155614723,73.9328820258
15679,2505,18.536411074700002,73.9103008434
14670,2413,18.5141384503,73.8286658004
16020,2497,18.5004350584,73.8162686303
27540,3332,18.56483,73.785557
12441,2163,18.5312101182,73.87682788069999
14411,2314,18.5390844466,73.89873515810001
15044,2421,18.5389592027,73.9049471542
6482,1197,18.480850159000003,73.898816295
15000,2324,18.49373605,73.8137909397
9527,1623,18.512490006300002,73.8801752776
21110,3319,18.56362,73.802549
27859,3336,18.5581376051,73.7927302346
13832,2217,18.5397586637,73.8935014978
13473,2280,18.5197919997,73.84121485050001
16929,2888,18.54187,73.926573
18507,3187,18.552163657,73.9482671767
13440,2273,18.5194868025,73.8411605358
32878,3540,18.590908,73.738604
11488,1984,18.527481201,73.8780392334
19663,2748,18.4963964166,73.8021836802
84971,6514,18.781454,73.3907284
26412,3118,18.559506228,73.7811316922
26627,4097,18.5834019618,74.00113418699999
23486,3144,18.540599,73.790063
17431,2938,18.5503159658,73.9433436468
17421,2973,18.5521623855,73.9268316329
36628,3933,18.64193166,73.756185472
13647,2331,18.5196470311,73.8417818025
15897,2554,18.5102384319,73.81572514770001
13369,2257,18.518836031099998,73.84117830539999
5934,1102,18.4832367,73.8938452
14260,2445,18.526619692,73.8421767578
19863,3096,18.552229,73.803342
35281,3839,18.6313482642,73.77818830310001
34393,3927,18.599318,73.794057
20590,3206,18.5559927,73.8092702
9798,1646,18.4596223378,73.8245804608
36724,4052,18.6435102333,73.7723353878
20531,3241,18.5649725,73.8092932
36634,3934,18.641874158900002,73.7561874837
14301,2533,18.548799146700002,73.9060723409
30695,4293,18.6605457552,73.795228377
10246,1715,18.516793731099998,73.8795603812
16929,2888,18.54187,73.926573
27799,3141,18.570394,73.771326
19085,2622,18.5157445949,73.782045655
17966,2805,18.554420400399998,73.9059419185
14318,2486,18.5474596813,73.9032134414
16266,2726,18.5302370471,73.83246246729999
13811,2278,18.5199388757,73.8459321857
14516,2336,18.5368898053,73.8972837478
16364,2799,18.5330370354,73.8276881352
14441,2323,18.5388129789,73.8986074179
14725,2410,18.536632956600002,73.8988528401
17066,2719,18.512316418,73.8089954853
26914,3207,18.5622647358,73.7837029248
16320,2640,18.5139782165,73.81554745140001
21096,3323,18.5634349983,73.8024844229
15820,2619,18.5562985604,73.8932500407
27331,3321,18.563100638399998,73.7838253006
14566,2348,18.5364444524,73.8971841708
16929,2888,18.54187,73.926573
18730,2929,18.568408,73.914292
17106,2880,18.5523947362,73.9388241246
19313,2587,18.5202593319,73.7781071663
18374,2868,18.5622691855,73.9222836122
16245,2781,18.5332697299,73.8295663521
6485,1188,18.481552270199998,73.8996501267
17752,3050,18.551478046,73.9245316386
13178,2202,18.5381667314,73.8868033513
15252,2486,18.5393924697,73.906050548
31981,3561,18.5918662237,73.7736285478
13878,2271,18.5101853373,73.8341150433
17990,2861,18.5639425758,73.9147422463
18207,2857,18.5636167983,73.9179015532
14669,2503,18.5470083165,73.8988689333
16980,2904,18.541434,73.926483
31017,4222,18.653875589600002,73.7740285322
13682,2167,18.4956705193,73.837695457
9071,1515,18.5106075497,73.8799338788
12454,2167,18.531100445299998,73.8768825307
5015,948,18.473933191900002,73.89344953
17307,2854,18.5566885565,73.9376167953
14271,2333,18.506800288599997,73.8283499703
24766,3871,18.5779396123,73.99679068479999
13154,2201,18.516978124,73.8417445868
18106,2824,18.565830165799998,73.9106951281
28199,4017,18.6332154095,73.8006464392
10869,1824,18.5204313226,73.8725876436
13590,2187,18.5397637497,73.8912001625
14973,2541,18.4956483,73.8246653
24148,2792,18.5493329958,73.7723342639
26942,3408,18.553711,73.802664
19048,3136,18.5541391038,73.9541140571
13323,2246,18.5184739252,73.8415598497
17165,2858,18.5501824659,73.9411911741
14251,2442,18.5266270037,73.8419853151
27139,3263,18.563904753800003,73.782646805
15794,2668,18.5291975303,73.8308075443
21510,3384,18.565329,73.800514
14845,2367,18.485309852100002,73.815780133
33830,3753,18.610036409,73.7700714057
11874,1883,18.5107626997,73.85388627649999
15862,2559,18.509792373699998,73.8161707297
34404,3733,18.6324745267,73.75121768560001
5585,1070,18.4698847033,73.8999304175
16436,2566,18.5018992095,73.8092992455
26875,3234,18.5644050198,73.78045175220001
13302,2101,18.5347215203,73.8825527206
28582,3421,18.5645828247,73.7980041504
10695,1822,18.5189307698,73.8786826283
18193,2890,18.5625736706,73.91636900600001
13649,2332,18.519641944500002,73.8417502865
14134,2450,18.5462905806,73.9042169228
19324,2600,18.520952698,73.7789564207
13818,2251,18.5068215904,73.8321469724
29286,3356,18.5700502316,73.7811987475
13908,2361,18.5224535509,73.8438521326
32146,3541,18.5826881925,73.7392624095
20312,3138,18.55478688,73.8001026213
13946,2280,18.5079426348,73.83159175520001
18081,2904,18.5620940586,73.83565027270001
14005,2384,18.5244693973,73.8414854184
18658,2970,18.566836368900002,73.9154403644
14952,2455,18.5340399719,73.898296617
15474,2576,18.5530304407,73.8919940963
20491,3219,18.5624325523,73.8070589304
15951,2479,18.501841,73.8146706
19275,3006,18.566888211400002,73.91852382569999
28713,3285,18.5758719586,73.7782191485
27388,3283,18.564030615,73.7801057473
84939,6505,18.7814697,73.390406
16047,2713,18.532218469500002,73.8297225907
14189,2335,18.5388498527,73.8767169043
6994,1303,18.4813458982,73.9042253047
16125,2806,18.5510489418,73.9163626358
32194,3536,18.5854774688,73.7336267531
13902,2289,18.519269,73.84542
24689,3539,18.594966,73.783072
10639,1792,18.5211062491,73.8770572096
13834,2217,18.5396334204,73.8935112208
19915,3140,18.5520126766,73.8041145355
31730,3442,18.607155805999998,73.7571644783
29415,3547,18.575798,73.789845
13142,2131,18.539759299500002,73.8870085403
18129,2872,18.562391,73.916687
13318,2357,18.530045039,73.8713021949
17355,2727,18.5603971301,73.911725767
13635,2340,18.5207530496,73.84060364220001
4984,949,18.473631728900003,73.8935185969
21352,3340,18.5577228206,73.7921686471
14382,2541,18.5481325939,73.9041438326
9885,1664,18.5181563269,73.8789954409
79532,5819,18.7539595523,73.4054252878
15952,2564,18.510412975999998,73.816215992
17103,2726,18.5371352098,73.8302989304
7430,1463,18.4573675245,73.8530252874
13178,2202,18.5381536983,73.8866819814
38596,4306,18.6564791391,73.7710747495
28541,3252,18.5711133362,73.7750031799
14599,2321,18.5327881282,73.8971167803
26682,3153,18.5604355885,73.7838055193
26957,3410,18.5535548952,73.8026916236
79563,5826,18.7538712941,73.4051530436
29784,3281,18.5936880427,73.7571597844
13964,2296,18.5190846407,73.8445880637
16466,2569,18.5003031094,73.822418265
12146,1970,18.5095876253,73.8469517604
9602,1612,18.5156053454,73.8787382841
14001,2313,18.505498,73.833181
7040,1314,18.481201,73.904882
25836,3898,18.617299379000002,73.8028562441
14116,2329,18.517945,73.845092
13178,2461,18.5185626237,73.9355102554
12625,2074,18.5162316492,73.8500373065
33713,3797,18.5945587464,73.789146468
16608,2738,18.550432937,73.9368205145
21408,3370,18.565321,73.8014967
20125,3221,18.564087186,73.8115613654
14409,2461,18.5463179169,73.9007820189
17203,2870,18.5504402477,73.9413095266
17855,2796,18.562008,73.916779
17852,2795,18.5618769773,73.91693495210001
14235,2347,18.5193832,73.93061758
14674,2522,18.5483121851,73.9002341777
6637,1250,18.4843355661,73.8844641298
13917,2274,18.5077404277,73.831778504
18526,2889,18.5669266683,73.9141179621
17853,2795,18.5617355405,73.916660361
31482,3488,18.5918925994,73.74498490239999
16859,2686,18.5060737995,73.81973505020001
6399,1172,18.478864326,73.9011471346
20461,3234,18.5577999,73.8042152
34482,3964,18.60758,73.78058
30780,4316,18.6578752427,73.79746031020001
7081,1327,18.4632083522,73.9191739261
13979,2290,18.5141273229,73.8339363411
29213,4256,18.650181441500003,73.8397657871
7263,1338,18.48879,73.899075
36246,4005,18.6339985433,73.7652067468
38454,4289,18.6490082809,73.76541428270001
16494,2849,18.5337538733,73.8297004625
12637,2155,18.521254631199998,73.9238854966
28434,3235,18.572079,73.775215
14692,2534,18.5302529418,73.8436881825
19405,3047,18.5523422904,73.8094672188
11525,2011,18.516051070499998,73.8615976274
16105,2530,18.5021732794,73.8147605583
31092,3508,18.601323073099998,73.7639799714
32712,3558,18.6012728667,73.7627293915
79759,5883,18.7545665646,73.4037163854
6496,1201,18.4807197847,73.8990620524
7271,1512,18.451953,73.851632
13770,2235,18.505130154,73.8320292905
14137,2344,18.5100699282,73.8330257311
13749,2335,18.5222669385,73.8411390781
13400,2279,18.523298,73.930746
33908,3890,18.6080293006,73.7806599587
15390,2726,18.548938687,73.9063422382
14412,2346,18.5064311626,73.82717080409999
18072,2817,18.5545500828,73.9047493413
9733,1667,18.5167438178,73.8785853982
9479,1613,18.512654374500002,73.8806567341
27092,3258,18.5693815371,73.7746377289
27657,3331,18.5639975606,73.7775502726
19913,3140,18.551995,73.804065
18469,3147,18.553669003499998,73.94826181229999
36411,3606,18.6529187847,73.7326688692
14814,2380,18.5368039772,73.8999639452
13664,2336,18.519663562599998,73.841602765
16231,2719,18.529928053800003,73.832581155
18253,2865,18.5379515269,73.8355587423
26420,3119,18.5594172329,73.7813804671
14637,2433,18.5145097851,73.82890384640001
13307,2283,18.5329820406,73.9102270827
25565,3189,18.552083557899998,73.79376992579999
14049,2396,18.52488617,73.8414991647
18062,2854,18.56211,73.917103
13302,2101,18.5347189772,73.8825533912
32165,3460,18.6038222501,73.75991407779999
13161,2196,18.5386645297,73.8864831626
13725,2229,18.5410784814,73.89108918609999
18841,2975,18.5677968731,73.9166479558
13309,2284,18.532994120399998,73.910219036
15004,2489,18.5088795882,73.8304920495
20236,3130,18.5546467088,73.80081642420001
27189,3293,18.5702625353,73.7746883556
28424,3233,18.5721608611,73.7748489529
16209,2689,18.546930758,73.9359970763
14758,2422,18.510749028699998,73.829841949
15762,2596,18.556159661800002,73.8933405653
18041,2786,18.5647568578,73.91096066680001
4857,894,18.474576183900002,73.8912051916
14682,2396,18.5366456719,73.8986080885
14672,2393,18.5367435796,73.8985101879
28380,3255,18.5689782215,73.7751600891
11645,1987,18.4703232332,73.82277064029999
15002,2414,18.5392278093,73.9046236128
14128,2463,18.547405009000002,73.9058416709
15129,2442,18.5341188078,73.8995760307
12192,1985,18.5117393788,73.8521783799
79589,5841,18.7533239649,73.40532101689999
16869,2670,18.5034612748,73.8212280348
14042,2403,18.5246006919,73.84159740060001
29232,3379,18.567228920399998,73.7436974421
13910,2312,18.530683687699998,73.91359996050001
17023,2825,18.5500543695,73.9404076338
18380,2859,18.5653274,73.9144224
13508,2478,18.5299172454,73.8715251535
27764,3322,18.558731968900002,73.792075105
23830,3530,18.5754762858,73.7912181392
17989,2969,18.5483595464,73.9493259788
13303,2102,18.5347062618,73.8825788721
14622,2537,18.5480423214,73.90067640689999
19059,2982,18.5734143229,73.9109553024
10534,1767,18.5142096652,73.8797545061
18029,2874,18.564061126800002,73.9151294902
30759,3426,18.590942,73.761092
77975,5639,18.7590422604,73.4201781079
8661,1450,18.5069726107,73.87922476979999
20529,3207,18.55451,73.79832
30011,3261,18.5988969456,73.7553241476
8173,1605,18.4662991464,73.85550566020001
18425,3131,18.5535231101,73.9484794065
13302,2101,18.5347186593,73.8825540617
14159,2354,18.5186805704,73.9349127933
19814,3114,18.553722,73.806643
13778,2341,18.5225164968,73.8410156965
21408,3370,18.5652981211,73.8014775887
18717,2963,18.551216,73.921847
18840,3029,18.5627065251,73.8290631026
14899,2413,18.536591632,73.8994600251
19282,2580,18.5201836687,73.7783911452
14716,2492,18.492245438,73.82142249489999
31998,3514,18.583951110799998,73.73952794819999
15106,2430,18.5342367438,73.8994184509
13604,2307,18.5209714548,73.8411796466
15851,2467,18.4960879981,73.8136152551
16131,2750,18.5322594774,73.8294007257
10339,1724,18.5189320415,73.8773586228
28985,3467,18.5656169031,73.8016167283
14655,2332,18.533381308699997,73.8971513137
14437,2547,18.546551547,73.9092966914
18753,2933,18.568637,73.914154
15637,2562,18.5348025811,73.8382379338
13847,2248,18.5394792501,73.8874085248
13584,2278,18.5374559517,73.8889159262
19431,2436,18.3450999325,73.851320073
19768,3106,18.5535495,73.8070644
13218,2469,18.5184999943,73.9349691197
32471,3550,18.583449948800002,73.7296403199
17965,2848,18.564445,73.914085
14728,2408,18.5362330604,73.8985903189
19793,3110,18.553374,73.806805
18426,2897,18.5650781834,73.9176963642
17927,2946,18.5535138924,73.9378893748
29976,3282,18.594738288800002,73.7602392957
38855,4264,18.657015981199997,73.7698308751
32753,3682,18.5860046836,73.78135096279999
14178,2358,18.5188067829,73.9353422821
18549,2472,18.5150645604,73.78195445979999
14569,2332,18.5390021162,73.9001245424
13739,2333,18.5221750628,73.8410710171
16432,2659,18.5114208141,73.8203328475
9138,1529,18.510775099,73.8795704395
13049,2229,18.5306263,73.9097714
16361,2590,18.499994062,73.814316988
10175,1746,18.5168363322,73.87572783979999
8875,1519,18.504960373499998,73.9011035487
14466,2330,18.538594278599998,73.8985826075
15786,2602,18.5559946997,73.893555142
13378,2258,18.5189501626,73.8414428383
14556,2357,18.5377827327,73.8985430449
16769,2645,18.5026994796,73.8218385726
12526,2084,18.5123377191,73.8462704793
17282,2882,18.5494599755,73.9425557479
81473,6128,18.7541887695,73.4038025513
24157,3515,18.5878491282,73.7842869759
21363,3343,18.5575515031,73.79223570229999
16218,2539,18.502633,73.817082
18606,2974,18.5539143839,73.9052274451
27072,3250,18.5692013324,73.77466019239999
35814,3836,18.6364451381,73.7512170151
14167,2397,18.5130339786,73.83995823560001
19745,3102,18.5534585864,73.8072718307
18009,2839,18.5618305733,73.9174160734
12109,1939,18.5128785127,73.8539151102
25493,3178,18.5522583772,73.7931030616
20211,2664,18.5031233001,73.76136984680001
85230,6591,18.7815821,73.390406
18812,2999,18.5678922203,73.9171270654
32000,3514,18.583937763399998,73.7395527586
13757,2292,18.5207018658,73.8461162522
19334,3016,18.5663669761,73.9184192196
13880,2364,18.5187610031,73.83647907529999
18241,2863,18.5376794216,73.8360968605
15889,2469,18.501395,73.814257
33257,3602,18.5940941598,73.73524781319999
16447,2567,18.501848338,73.8091973215
17405,2715,18.561759696,73.9072729647
18796,3030,18.562265053599997,73.8295485824
13161,2196,18.5386066758,73.8864553347
9791,1749,18.496637745799998,73.8590880856
12299,2149,18.5344227074,73.8787822053
11603,1979,18.527948194300002,73.8756205514
36789,3984,18.6412051111,73.75684998930001
18038,2847,18.5618881015,73.9169946313
32879,3542,18.5973761098,73.7344166636
84939,6505,18.781294,73.3904521
16044,2713,18.5321981246,73.8296961039
15096,2429,18.5343289309,73.8993973285
13931,2357,18.5227949844,73.84448613970001
14144,2305,18.5029627381,73.829318583
16450,2834,18.5341502786,73.82965922359999
15088,2440,18.5083693037,73.82211282850001
30011,3261,18.5988969456,73.7553241476
14587,2544,18.5289187352,73.8437253982
12113,2131,18.532582453699998,73.8765905052
31958,3548,18.5925122678,73.7732915953
36411,3606,18.6529137021,73.7326581404
15194,2475,18.5340514158,73.8987914845
18374,2868,18.5622691855,73.9222836122
13785,2381,18.5393250798,73.8975811377
14475,2332,18.537623156800002,73.8976059482
12695,2157,18.5161976317,73.8549105451
13947,2263,18.5387659329,73.88651367279999
84728,6443,18.7814695,73.388426
14687,2587,18.549233978,73.9024744928
24182,3524,18.5877576056,73.7838611752
28692,3278,18.5763839484,73.7763258442
21497,3382,18.565325,73.800641
18486,2882,18.5665008,73.9140607
13585,2310,18.5194279883,73.84232293810001
14804,2399,18.5343028642,73.8973430917
13165,2458,18.5184077987,73.9356279373
27253,3323,18.5704573585,73.7742186338
14330,2335,18.5388298264,73.875365071
13304,2227,18.5142538566,73.8386224955
16049,2714,18.532244536500002,73.8296914101
10462,1749,18.5148629976,73.879830949
30222,3313,18.5927623589,73.75983562319999
17032,2683,18.5056639757,73.8147344068
18074,2802,18.565736,73.9108837
20084,3191,18.55237,73.804358
22170,3382,18.578278,73.812306
13767,2234,18.5050846884,73.8320926577
16108,2610,18.5111601121,73.8171819225
13767,2234,18.5050843705,73.8320926577
14809,2567,18.5535202494,73.9057544991
14233,2575,18.5438693916,73.9010653272
13707,2385,18.5322531196,73.87081637979999
38134,3790,18.6563149096,73.7358087301
17347,2713,18.5593390443,73.9130403847
6706,1238,18.4813506679,73.9017244801
13574,2275,18.5374721636,73.8887767866
26695,2977,18.568731909300002,73.7670189142
15135,2684,18.552541902,73.89975406229999